{"v":"5.6.10","fr":20,"ip":0,"op":14,"w":942,"h":943,"nm":"升级弹窗","ddd":0,"assets":[{"id":"image_0","w":510,"h":427,"u":"images/","p":"img_0.png","e":0},{"id":"image_1","w":771,"h":621,"u":"images/","p":"img_1.png","e":0},{"id":"image_2","w":942,"h":943,"u":"images/","p":"img_2.png","e":0}],"layers":[{"ddd":0,"ind":1,"ty":2,"nm":"Currency_货币@3x.png","cl":"png","refId":"image_0","sr":1,"ks":{"o":{"a":0,"k":100,"ix":11},"r":{"a":0,"k":0,"ix":10},"p":{"a":0,"k":[471,471,0],"ix":2},"a":{"a":0,"k":[255,213.5,0],"ix":1},"s":{"a":0,"k":[102,102,100],"ix":6}},"ao":0,"ip":0,"op":600,"st":0,"bm":0},{"ddd":0,"ind":2,"ty":2,"nm":"Group 48854@3x.png","cl":"png","parent":3,"refId":"image_1","sr":1,"ks":{"o":{"a":0,"k":100,"ix":11},"r":{"a":0,"k":0,"ix":10},"p":{"a":0,"k":[471,471.5,0],"ix":2},"a":{"a":0,"k":[385.5,310.5,0],"ix":1},"s":{"a":0,"k":[112,112,100],"ix":6}},"ao":0,"ip":0,"op":600,"st":0,"bm":0},{"ddd":0,"ind":3,"ty":2,"nm":"df5b481f1173f8df79a1d18a435a6e3953b14c7aae741-YpmcHN_fw480-2 1@3x.png","cl":"png","refId":"image_2","sr":1,"ks":{"o":{"a":0,"k":100,"ix":11},"r":{"a":0,"k":0,"ix":10},"p":{"a":0,"k":[471,471.5,0],"ix":2},"a":{"a":0,"k":[471,471.5,0],"ix":1},"s":{"a":1,"k":[{"i":{"x":[0.833,0.833,0.833],"y":[0.833,0.833,0.833]},"o":{"x":[0.167,0.167,0.167],"y":[0.167,0.167,0.167]},"t":0,"s":[100,100,100]},{"i":{"x":[0.833,0.833,0.833],"y":[0.833,0.833,0.833]},"o":{"x":[0.167,0.167,0.167],"y":[0.167,0.167,0.167]},"t":7,"s":[113,113,100]},{"t":14,"s":[100,100,100]}],"ix":6}},"ao":0,"ip":0,"op":600,"st":0,"bm":0}],"markers":[]}