{"v":"5.6.10","fr":20,"ip":0,"op":15,"w":912,"h":264,"nm":"Game_Button_按钮","ddd":0,"assets":[{"id":"image_0","w":762,"h":190,"u":"images/","p":"img_0.png","e":0}],"layers":[{"ddd":0,"ind":1,"ty":2,"nm":"Game_Button_按钮.png","cl":"png","refId":"image_0","sr":1,"ks":{"o":{"a":0,"k":100,"ix":11},"r":{"a":0,"k":0,"ix":10},"p":{"a":0,"k":[456,132,0],"ix":2},"a":{"a":0,"k":[381,95,0],"ix":1},"s":{"a":1,"k":[{"i":{"x":[0.667,0.667,0.667],"y":[1,1,1]},"o":{"x":[0.333,0.333,0.333],"y":[0,0,0]},"t":0,"s":[100,100,100]},{"i":{"x":[0.667,0.667,0.667],"y":[1,1,1]},"o":{"x":[0.333,0.333,0.333],"y":[0,0,0]},"t":7,"s":[110,110,100]},{"t":15,"s":[100,100,100]}],"ix":6}},"ao":0,"ip":0,"op":600,"st":0,"bm":0}],"markers":[]}