{"v":"5.12.1","fr":30,"ip":0,"op":30,"w":1290,"h":1290,"nm":"合成 1","ddd":0,"assets":[{"id":"image_0","w":660,"h":660,"u":"images/","p":"img_0.png","e":0},{"id":"image_1","w":780,"h":780,"u":"images/","p":"img_1.png","e":0}],"layers":[{"ddd":0,"ind":5,"ty":2,"nm":"Gift_Box_礼盒2.png","cl":"png","refId":"image_0","sr":1,"ks":{"o":{"a":1,"k":[{"i":{"x":[0.659],"y":[22.983]},"o":{"x":[0.297],"y":[0]},"t":0,"s":[100]},{"i":{"x":[0.815],"y":[1]},"o":{"x":[0.425],"y":[0.274]},"t":5,"s":[100]},{"t":10,"s":[0]}],"ix":11},"r":{"a":0,"k":0,"ix":10},"p":{"a":1,"k":[{"i":{"x":0.667,"y":0.689},"o":{"x":0.333,"y":0},"t":0,"s":[645,259,0],"to":[0,0,0],"ti":[0,0,0]},{"i":{"x":0.833,"y":0.833},"o":{"x":0.333,"y":0.859},"t":5,"s":[645,789,0],"to":[0,0,0],"ti":[0,0,0]},{"t":10,"s":[645,981,0]}],"ix":2,"l":2},"a":{"a":0,"k":[330,330,0],"ix":1,"l":2},"s":{"a":1,"k":[{"i":{"x":[0.667,0.667,0.667],"y":[0.75,0.75,0.167]},"o":{"x":[0.333,0.333,0.333],"y":[0,0,0]},"t":0,"s":[80,80,100]},{"i":{"x":[0.667,0.667,0.667],"y":[1,1,1]},"o":{"x":[0.333,0.333,0.333],"y":[5,5,0.833]},"t":5,"s":[100,100,100]},{"t":10,"s":[100,100,100]}],"ix":6,"l":2}},"ao":0,"ip":0,"op":900,"st":0,"bm":0},{"ddd":0,"ind":6,"ty":2,"nm":"Gift_Box_礼盒.png","cl":"png","refId":"image_1","sr":1,"ks":{"o":{"a":1,"k":[{"i":{"x":[0.667],"y":[1]},"o":{"x":[0.333],"y":[0]},"t":8,"s":[0]},{"t":13,"s":[100]}],"ix":11},"r":{"a":0,"k":0,"ix":10},"p":{"a":0,"k":[660,875,0],"ix":2,"l":2},"a":{"a":0,"k":[390,390,0],"ix":1,"l":2},"s":{"a":1,"k":[{"i":{"x":[0.833,0.833,0.833],"y":[1,1,1]},"o":{"x":[0.333,0.333,0.333],"y":[0,0,0]},"t":8,"s":[100,100,100]},{"i":{"x":[0.833,0.833,0.833],"y":[1,1,1]},"o":{"x":[0.167,0.167,0.167],"y":[0,0,0]},"t":11,"s":[120,120,100]},{"t":15,"s":[100,100,100]}],"ix":6,"l":2}},"ao":0,"ip":0,"op":900,"st":0,"bm":0}],"markers":[],"props":{}}